{
  "IcoMoonType": "selection",
  "icons": [
    {
      "icon": {
        "paths": [
          "M512 0c-284.433 0-512 227.567-512 512s227.567 512 512 512 512-227.567 512-512-227.567-512-512-512zM512 398.234c62.566 0 113.766 51.2 113.766 113.766s-51.2 113.766-113.766 113.766c-62.753-0.193-113.573-51.013-113.766-113.748l-0-0.019c0-62.566 51.2-113.766 113.766-113.766zM671.3 284.433c0-39.799 34.133-68.267 68.267-68.267s68.267 34.133 68.267 68.267-28.467 68.267-68.267 68.267c-39.834 0-68.267-28.433-68.267-68.267zM512 910.234c-221.867 0-398.234-176.367-398.234-398.234h170.667c0 125.167 102.4 227.567 227.567 227.567s227.567-102.4 227.567-227.567h170.667c0 221.867-176.367 398.234-398.234 398.234z"
        ],
        "attrs": [
          {
            "fill": "rgb(92, 92, 94)"
          }
        ],
        "isMulticolor": false,
        "isMulticolor2": false,
        "grid": 0,
        "tags": [
          "instagram"
        ]
      },
      "attrs": [
        {
          "fill": "rgb(92, 92, 94)"
        }
      ],
      "properties": {
        "order": 33,
        "id": 3,
        "name": "instagram",
        "prevSize": 32
      },
      "setIdx": 0,
      "setId": 9,
      "iconIdx": 0
    },
    {
      "icon": {
        "paths": [
          "M512 0c-282.795 0-512 230.605-512 515.106 0 257.092 187.255 470.221 432.026 508.894v-360.004h-130.048v-148.924h130.048v-113.459c0-129.092 76.39-200.363 193.399-200.363 55.979 0 114.586 10.001 114.586 10.001v126.737h-64.512c-63.659 0-83.456 39.697-83.456 80.452v96.631h141.961l-22.699 148.89h-119.262v360.038c244.702-38.639 431.957-251.836 431.957-508.894 0-284.501-229.205-515.106-512-515.106z"
        ],
        "attrs": [
          {
            "fill": "rgb(92, 92, 94)"
          }
        ],
        "isMulticolor": false,
        "isMulticolor2": false,
        "grid": 0,
        "tags": [
          "facebook"
        ]
      },
      "attrs": [
        {
          "fill": "rgb(92, 92, 94)"
        }
      ],
      "properties": {
        "order": 29,
        "id": 2,
        "name": "facebook",
        "prevSize": 32
      },
      "setIdx": 0,
      "setId": 9,
      "iconIdx": 1
    },
    {
      "icon": {
        "paths": [
          "M597.494 503.095l-119.788-55.893c-10.452-4.854-19.040 0.584-19.040 12.158v105.281c0 11.575 8.588 17.012 19.040 12.158l119.733-55.893c10.506-4.905 10.506-12.906 0.055-17.811zM512 0c-282.774 0-512 229.226-512 512s229.226 512 512 512c282.774 0 512-229.226 512-512s-229.226-512-512-512zM512 720.002c-262.080 0-266.667-23.627-266.667-208.002 0-184.373 4.587-208 266.667-208s266.667 23.627 266.667 208c0 184.375-4.588 208.002-266.667 208.002z"
        ],
        "attrs": [
          {
            "fill": "rgb(92, 92, 94)"
          }
        ],
        "isMulticolor": false,
        "isMulticolor2": false,
        "grid": 0,
        "tags": [
          "youtube"
        ]
      },
      "attrs": [
        {
          "fill": "rgb(92, 92, 94)"
        }
      ],
      "properties": {
        "order": 31,
        "id": 0,
        "name": "youtube",
        "prevSize": 32
      },
      "setIdx": 0,
      "setId": 9,
      "iconIdx": 2
    },
    {
      "icon": {
        "paths": [
          "M512 85.333c94.257 0 170.667 76.41 170.667 170.667v0h86.827c0.003-0 0.007-0 0.011-0 46.063 0 83.601 36.497 85.275 82.151l0.004 0.153 18.261 512c0.034 0.903 0.054 1.964 0.054 3.029 0 47.117-38.187 85.315-85.3 85.333l-551.596 0c-47.115-0.018-85.302-38.216-85.302-85.333 0-1.065 0.020-2.126 0.058-3.182l-0.004 0.153 18.261-512c1.678-45.807 39.217-82.304 85.28-82.304 0.004 0 0.008 0 0.012 0l86.826-0c0-94.257 76.41-170.667 170.667-170.667v0zM341.333 341.333h-86.827l-18.304 512h551.595l-18.304-512h-86.827v42.667c-0.027 23.544-19.119 42.619-42.667 42.619-21.788 0-39.762-16.332-42.347-37.421l-0.021-0.206-0.299-4.992v-42.667h-170.667v42.667c-0.027 23.544-19.119 42.619-42.667 42.619-21.788 0-39.762-16.332-42.347-37.421l-0.021-0.206-0.299-4.992v-42.667zM512 170.667c-0.008-0-0.018-0-0.027-0-44.876 0-81.661 34.641-85.075 78.641l-0.018 0.293-0.213 6.4h170.667c0-47.128-38.205-85.333-85.333-85.333v0z"
        ],
        "attrs": [
          {}
        ],
        "isMulticolor": false,
        "isMulticolor2": false,
        "grid": 0,
        "tags": [
          "backet"
        ]
      },
      "attrs": [
        {}
      ],
      "properties": {
        "order": 32,
        "id": 0,
        "name": "basket",
        "prevSize": 32
      },
      "setIdx": 1,
      "setId": 8,
      "iconIdx": 0
    }
  ],
  "height": 1024,
  "preferences": {
    "showGlyphs": true,
    "showQuickUse": true,
    "showQuickUse2": true,
    "showSVGs": true,
    "fontPref": {
      "prefix": "icon-",
      "metadata": {
        "fontFamily": "icomoon"
      },
      "metrics": {
        "emSize": 1024,
        "baseline": 6.25,
        "whitespace": 50
      },
      "embed": false
    },
    "imagePref": {
      "prefix": "icon-",
      "png": false,
      "useClassSelector": false,
      "color": 0,
      "bgColor": 16777215,
      "classSelector": ".icon",
      "name": "icomoon",
      "height": 48,
      "columns": 16,
      "margin": 16,
      "autoHost": false,
      "overrideSize": false
    },
    "historySize": 50,
    "showCodes": true,
    "gridSize": 16,
    "quickUsageToken": {
      "UntitledProject": "YmI3MTMzZDgxNmQwOWYzNDBkZGVmY2I4ZjU5N2Y3MzgjMSMxNjcyNzMzOTYwIyMjYTVjZmJlNGM0ZDJm"
    }
  }
}